,Name,Link
0,Aalsmeer,https://scholenopdekaart.nl/zoeken/middelbare-scholen?zoektermen=Aalsmeer&weergave=Lijst
1,Aalten,https://scholenopdekaart.nl/zoeken/middelbare-scholen?zoektermen=Aalten&weergave=Lijst
2,Aerdenhout,https://scholenopdekaart.nl/zoeken/middelbare-scholen?zoektermen=Aerdenhout&weergave=Lijst
3,Alkmaar,https://scholenopdekaart.nl/zoeken/middelbare-scholen?zoektermen=Alkmaar&weergave=Lijst
4,Almelo,https://scholenopdekaart.nl/zoeken/middelbare-scholen?zoektermen=Almelo&weergave=Lijst
5,Almere,https://scholenopdekaart.nl/zoeken/middelbare-scholen?zoektermen=Almere&weergave=Lijst
6,Alphen aan den Rijn,https://scholenopdekaart.nl/zoeken/middelbare-scholen?zoektermen=Alphen%20aan%20den%20Rijn&weergave=Lijst
7,Amersfoort,https://scholenopdekaart.nl/zoeken/middelbare-scholen?zoektermen=Amersfoort&weergave=Lijst
8,Amstelveen,https://scholenopdekaart.nl/zoeken/middelbare-scholen?zoektermen=Amstelveen&weergave=Lijst
9,Amsterdam,https://scholenopdekaart.nl/zoeken/middelbare-scholen?zoektermen=Amsterdam&weergave=Lijst
10,Amsterdam-Duivendrecht,https://scholenopdekaart.nl/zoeken/middelbare-scholen?zoektermen=Amsterdam-Duivendrecht&weergave=Lijst
11,Andel,https://scholenopdekaart.nl/zoeken/middelbare-scholen?zoektermen=Andel&weergave=Lijst
12,Apeldoorn,https://scholenopdekaart.nl/zoeken/middelbare-scholen?zoektermen=Apeldoorn&weergave=Lijst
13,Appingedam,https://scholenopdekaart.nl/zoeken/middelbare-scholen?zoektermen=Appingedam&weergave=Lijst
14,Arnhem,https://scholenopdekaart.nl/zoeken/middelbare-scholen?zoektermen=Arnhem&weergave=Lijst
15,Assen,https://scholenopdekaart.nl/zoeken/middelbare-scholen?zoektermen=Assen&weergave=Lijst
16,Assendelft,https://scholenopdekaart.nl/zoeken/middelbare-scholen?zoektermen=Assendelft&weergave=Lijst
17,Asten,https://scholenopdekaart.nl/zoeken/middelbare-scholen?zoektermen=Asten&weergave=Lijst
18,Baarle-Nassau,https://scholenopdekaart.nl/zoeken/middelbare-scholen?zoektermen=Baarle-Nassau&weergave=Lijst
19,Baarn,https://scholenopdekaart.nl/zoeken/middelbare-scholen?zoektermen=Baarn&weergave=Lijst
20,Balk,https://scholenopdekaart.nl/zoeken/middelbare-scholen?zoektermen=Balk&weergave=Lijst
21,Barendrecht,https://scholenopdekaart.nl/zoeken/middelbare-scholen?zoektermen=Barendrecht&weergave=Lijst
22,Barneveld,https://scholenopdekaart.nl/zoeken/middelbare-scholen?zoektermen=Barneveld&weergave=Lijst
23,Beek en Donk,https://scholenopdekaart.nl/zoeken/middelbare-scholen?zoektermen=Beek%20en%20Donk&weergave=Lijst
24,Beetsterzwaag,https://scholenopdekaart.nl/zoeken/middelbare-scholen?zoektermen=Beetsterzwaag&weergave=Lijst
25,Beilen,https://scholenopdekaart.nl/zoeken/middelbare-scholen?zoektermen=Beilen&weergave=Lijst
26,Bellingwolde,https://scholenopdekaart.nl/zoeken/middelbare-scholen?zoektermen=Bellingwolde&weergave=Lijst
27,Bemmel,https://scholenopdekaart.nl/zoeken/middelbare-scholen?zoektermen=Bemmel&weergave=Lijst
28,Beneden-Leeuwen,https://scholenopdekaart.nl/zoeken/middelbare-scholen?zoektermen=Beneden-Leeuwen&weergave=Lijst
29,Bergen (Noord-Holland),https://scholenopdekaart.nl/zoeken/middelbare-scholen?zoektermen=Bergen%20(Noord-Holland)&weergave=Lijst
30,Bergen op Zoom,https://scholenopdekaart.nl/zoeken/middelbare-scholen?zoektermen=Bergen%20op%20Zoom&weergave=Lijst
31,Bergschenhoek,https://scholenopdekaart.nl/zoeken/middelbare-scholen?zoektermen=Bergschenhoek&weergave=Lijst
32,Berkel en Rodenrijs,https://scholenopdekaart.nl/zoeken/middelbare-scholen?zoektermen=Berkel%20en%20Rodenrijs&weergave=Lijst
33,Berkel-Enschot,https://scholenopdekaart.nl/zoeken/middelbare-scholen?zoektermen=Berkel-Enschot&weergave=Lijst
34,Best,https://scholenopdekaart.nl/zoeken/middelbare-scholen?zoektermen=Best&weergave=Lijst
35,Beverwijk,https://scholenopdekaart.nl/zoeken/middelbare-scholen?zoektermen=Beverwijk&weergave=Lijst
36,Bilthoven,https://scholenopdekaart.nl/zoeken/middelbare-scholen?zoektermen=Bilthoven&weergave=Lijst
37,Bladel,https://scholenopdekaart.nl/zoeken/middelbare-scholen?zoektermen=Bladel&weergave=Lijst
38,Bleiswijk,https://scholenopdekaart.nl/zoeken/middelbare-scholen?zoektermen=Bleiswijk&weergave=Lijst
39,Bloemendaal,https://scholenopdekaart.nl/zoeken/middelbare-scholen?zoektermen=Bloemendaal&weergave=Lijst
40,Bolsward,https://scholenopdekaart.nl/zoeken/middelbare-scholen?zoektermen=Bolsward&weergave=Lijst
41,Borculo,https://scholenopdekaart.nl/zoeken/middelbare-scholen?zoektermen=Borculo&weergave=Lijst
42,Borger,https://scholenopdekaart.nl/zoeken/middelbare-scholen?zoektermen=Borger&weergave=Lijst
43,Borne,https://scholenopdekaart.nl/zoeken/middelbare-scholen?zoektermen=Borne&weergave=Lijst
44,Boskoop,https://scholenopdekaart.nl/zoeken/middelbare-scholen?zoektermen=Boskoop&weergave=Lijst
45,Boxmeer,https://scholenopdekaart.nl/zoeken/middelbare-scholen?zoektermen=Boxmeer&weergave=Lijst
46,Boxtel,https://scholenopdekaart.nl/zoeken/middelbare-scholen?zoektermen=Boxtel&weergave=Lijst
47,Breda,https://scholenopdekaart.nl/zoeken/middelbare-scholen?zoektermen=Breda&weergave=Lijst
48,Breukelen,https://scholenopdekaart.nl/zoeken/middelbare-scholen?zoektermen=Breukelen&weergave=Lijst
49,Brielle,https://scholenopdekaart.nl/zoeken/middelbare-scholen?zoektermen=Brielle&weergave=Lijst
50,Brummen,https://scholenopdekaart.nl/zoeken/middelbare-scholen?zoektermen=Brummen&weergave=Lijst
51,Brunssum,https://scholenopdekaart.nl/zoeken/middelbare-scholen?zoektermen=Brunssum&weergave=Lijst
52,Budel,https://scholenopdekaart.nl/zoeken/middelbare-scholen?zoektermen=Budel&weergave=Lijst
53,Buitenpost,https://scholenopdekaart.nl/zoeken/middelbare-scholen?zoektermen=Buitenpost&weergave=Lijst
54,Bunschoten-Spakenburg,https://scholenopdekaart.nl/zoeken/middelbare-scholen?zoektermen=Bunschoten-Spakenburg&weergave=Lijst
55,Burgum,https://scholenopdekaart.nl/zoeken/middelbare-scholen?zoektermen=Burgum&weergave=Lijst
56,Bussum,https://scholenopdekaart.nl/zoeken/middelbare-scholen?zoektermen=Bussum&weergave=Lijst
57,Cadier en Keer,https://scholenopdekaart.nl/zoeken/middelbare-scholen?zoektermen=Cadier%20en%20Keer&weergave=Lijst
58,Capelle aan den IJssel,https://scholenopdekaart.nl/zoeken/middelbare-scholen?zoektermen=Capelle%20aan%20den%20IJssel&weergave=Lijst
59,Castricum,https://scholenopdekaart.nl/zoeken/middelbare-scholen?zoektermen=Castricum&weergave=Lijst
60,Coevorden,https://scholenopdekaart.nl/zoeken/middelbare-scholen?zoektermen=Coevorden&weergave=Lijst
61,Cruquius,https://scholenopdekaart.nl/zoeken/middelbare-scholen?zoektermen=Cruquius&weergave=Lijst
62,Cuijk,https://scholenopdekaart.nl/zoeken/middelbare-scholen?zoektermen=Cuijk&weergave=Lijst
63,Culemborg,https://scholenopdekaart.nl/zoeken/middelbare-scholen?zoektermen=Culemborg&weergave=Lijst
64,Damwâld,https://scholenopdekaart.nl/zoeken/middelbare-scholen?zoektermen=Damwâld&weergave=Lijst
65,De Glind,https://scholenopdekaart.nl/zoeken/middelbare-scholen?zoektermen=De%20Glind&weergave=Lijst
66,Dedemsvaart,https://scholenopdekaart.nl/zoeken/middelbare-scholen?zoektermen=Dedemsvaart&weergave=Lijst
67,Delden,https://scholenopdekaart.nl/zoeken/middelbare-scholen?zoektermen=Delden&weergave=Lijst
68,Delft,https://scholenopdekaart.nl/zoeken/middelbare-scholen?zoektermen=Delft&weergave=Lijst
69,Den Bosch,https://scholenopdekaart.nl/zoeken/middelbare-scholen?zoektermen=Den%20Bosch&weergave=Lijst
70,Den Burg,https://scholenopdekaart.nl/zoeken/middelbare-scholen?zoektermen=Den%20Burg&weergave=Lijst
71,Den Haag,https://scholenopdekaart.nl/zoeken/middelbare-scholen?zoektermen=Den%20Haag&weergave=Lijst
72,Den Helder,https://scholenopdekaart.nl/zoeken/middelbare-scholen?zoektermen=Den%20Helder&weergave=Lijst
73,Denekamp,https://scholenopdekaart.nl/zoeken/middelbare-scholen?zoektermen=Denekamp&weergave=Lijst
74,Deurne,https://scholenopdekaart.nl/zoeken/middelbare-scholen?zoektermen=Deurne&weergave=Lijst
75,Deventer,https://scholenopdekaart.nl/zoeken/middelbare-scholen?zoektermen=Deventer&weergave=Lijst
76,Didam,https://scholenopdekaart.nl/zoeken/middelbare-scholen?zoektermen=Didam&weergave=Lijst
77,Dieren,https://scholenopdekaart.nl/zoeken/middelbare-scholen?zoektermen=Dieren&weergave=Lijst
78,Diever,https://scholenopdekaart.nl/zoeken/middelbare-scholen?zoektermen=Diever&weergave=Lijst
79,Dinxperlo,https://scholenopdekaart.nl/zoeken/middelbare-scholen?zoektermen=Dinxperlo&weergave=Lijst
80,Doetinchem,https://scholenopdekaart.nl/zoeken/middelbare-scholen?zoektermen=Doetinchem&weergave=Lijst
81,Dokkum,https://scholenopdekaart.nl/zoeken/middelbare-scholen?zoektermen=Dokkum&weergave=Lijst
82,Dongen,https://scholenopdekaart.nl/zoeken/middelbare-scholen?zoektermen=Dongen&weergave=Lijst
83,Doorn,https://scholenopdekaart.nl/zoeken/middelbare-scholen?zoektermen=Doorn&weergave=Lijst
84,Doorwerth,https://scholenopdekaart.nl/zoeken/middelbare-scholen?zoektermen=Doorwerth&weergave=Lijst
85,Dordrecht,https://scholenopdekaart.nl/zoeken/middelbare-scholen?zoektermen=Dordrecht&weergave=Lijst
86,Drachten,https://scholenopdekaart.nl/zoeken/middelbare-scholen?zoektermen=Drachten&weergave=Lijst
87,Driehuis NH,https://scholenopdekaart.nl/zoeken/middelbare-scholen?zoektermen=Driehuis%20NH&weergave=Lijst
88,Dronten,https://scholenopdekaart.nl/zoeken/middelbare-scholen?zoektermen=Dronten&weergave=Lijst
89,Drunen,https://scholenopdekaart.nl/zoeken/middelbare-scholen?zoektermen=Drunen&weergave=Lijst
90,Druten,https://scholenopdekaart.nl/zoeken/middelbare-scholen?zoektermen=Druten&weergave=Lijst
91,Duiven,https://scholenopdekaart.nl/zoeken/middelbare-scholen?zoektermen=Duiven&weergave=Lijst
92,Echt,https://scholenopdekaart.nl/zoeken/middelbare-scholen?zoektermen=Echt&weergave=Lijst
93,Edam,https://scholenopdekaart.nl/zoeken/middelbare-scholen?zoektermen=Edam&weergave=Lijst
94,Ede,https://scholenopdekaart.nl/zoeken/middelbare-scholen?zoektermen=Ede&weergave=Lijst
95,Eefde,https://scholenopdekaart.nl/zoeken/middelbare-scholen?zoektermen=Eefde&weergave=Lijst
96,Eelde,https://scholenopdekaart.nl/zoeken/middelbare-scholen?zoektermen=Eelde&weergave=Lijst
97,Eersel,https://scholenopdekaart.nl/zoeken/middelbare-scholen?zoektermen=Eersel&weergave=Lijst
98,Eibergen,https://scholenopdekaart.nl/zoeken/middelbare-scholen?zoektermen=Eibergen&weergave=Lijst
99,Eindhoven,https://scholenopdekaart.nl/zoeken/middelbare-scholen?zoektermen=Eindhoven&weergave=Lijst
100,Elburg,https://scholenopdekaart.nl/zoeken/middelbare-scholen?zoektermen=Elburg&weergave=Lijst
101,Elst (Gelderland),https://scholenopdekaart.nl/zoeken/middelbare-scholen?zoektermen=Elst%20(Gelderland)&weergave=Lijst
102,Emmeloord,https://scholenopdekaart.nl/zoeken/middelbare-scholen?zoektermen=Emmeloord&weergave=Lijst
103,Emmen,https://scholenopdekaart.nl/zoeken/middelbare-scholen?zoektermen=Emmen&weergave=Lijst
104,Enkhuizen,https://scholenopdekaart.nl/zoeken/middelbare-scholen?zoektermen=Enkhuizen&weergave=Lijst
105,Enschede,https://scholenopdekaart.nl/zoeken/middelbare-scholen?zoektermen=Enschede&weergave=Lijst
106,Epe,https://scholenopdekaart.nl/zoeken/middelbare-scholen?zoektermen=Epe&weergave=Lijst
107,Ermelo,https://scholenopdekaart.nl/zoeken/middelbare-scholen?zoektermen=Ermelo&weergave=Lijst
108,Etten-Leur,https://scholenopdekaart.nl/zoeken/middelbare-scholen?zoektermen=Etten-Leur&weergave=Lijst
109,Evertsoord,https://scholenopdekaart.nl/zoeken/middelbare-scholen?zoektermen=Evertsoord&weergave=Lijst
110,Franeker,https://scholenopdekaart.nl/zoeken/middelbare-scholen?zoektermen=Franeker&weergave=Lijst
111,Geldermalsen,https://scholenopdekaart.nl/zoeken/middelbare-scholen?zoektermen=Geldermalsen&weergave=Lijst
112,Geldrop,https://scholenopdekaart.nl/zoeken/middelbare-scholen?zoektermen=Geldrop&weergave=Lijst
113,Geleen,https://scholenopdekaart.nl/zoeken/middelbare-scholen?zoektermen=Geleen&weergave=Lijst
114,Gemert,https://scholenopdekaart.nl/zoeken/middelbare-scholen?zoektermen=Gemert&weergave=Lijst
115,Gennep,https://scholenopdekaart.nl/zoeken/middelbare-scholen?zoektermen=Gennep&weergave=Lijst
116,Gieten,https://scholenopdekaart.nl/zoeken/middelbare-scholen?zoektermen=Gieten&weergave=Lijst
117,Goes,https://scholenopdekaart.nl/zoeken/middelbare-scholen?zoektermen=Goes&weergave=Lijst
118,Goirle,https://scholenopdekaart.nl/zoeken/middelbare-scholen?zoektermen=Goirle&weergave=Lijst
119,Goor,https://scholenopdekaart.nl/zoeken/middelbare-scholen?zoektermen=Goor&weergave=Lijst
120,Gorinchem,https://scholenopdekaart.nl/zoeken/middelbare-scholen?zoektermen=Gorinchem&weergave=Lijst
121,Gorredijk,https://scholenopdekaart.nl/zoeken/middelbare-scholen?zoektermen=Gorredijk&weergave=Lijst
122,Gouda,https://scholenopdekaart.nl/zoeken/middelbare-scholen?zoektermen=Gouda&weergave=Lijst
123,Grave,https://scholenopdekaart.nl/zoeken/middelbare-scholen?zoektermen=Grave&weergave=Lijst
124,Grijpskerk,https://scholenopdekaart.nl/zoeken/middelbare-scholen?zoektermen=Grijpskerk&weergave=Lijst
125,Groenlo,https://scholenopdekaart.nl/zoeken/middelbare-scholen?zoektermen=Groenlo&weergave=Lijst
126,Groesbeek,https://scholenopdekaart.nl/zoeken/middelbare-scholen?zoektermen=Groesbeek&weergave=Lijst
127,Groningen,https://scholenopdekaart.nl/zoeken/middelbare-scholen?zoektermen=Groningen&weergave=Lijst
128,Grootebroek,https://scholenopdekaart.nl/zoeken/middelbare-scholen?zoektermen=Grootebroek&weergave=Lijst
129,Grootegast,https://scholenopdekaart.nl/zoeken/middelbare-scholen?zoektermen=Grootegast&weergave=Lijst
130,Grou,https://scholenopdekaart.nl/zoeken/middelbare-scholen?zoektermen=Grou&weergave=Lijst
131,Gulpen,https://scholenopdekaart.nl/zoeken/middelbare-scholen?zoektermen=Gulpen&weergave=Lijst
132,Haaksbergen,https://scholenopdekaart.nl/zoeken/middelbare-scholen?zoektermen=Haaksbergen&weergave=Lijst
133,Haarlem,https://scholenopdekaart.nl/zoeken/middelbare-scholen?zoektermen=Haarlem&weergave=Lijst
134,Haelen,https://scholenopdekaart.nl/zoeken/middelbare-scholen?zoektermen=Haelen&weergave=Lijst
135,Halsteren,https://scholenopdekaart.nl/zoeken/middelbare-scholen?zoektermen=Halsteren&weergave=Lijst
136,Hardenberg,https://scholenopdekaart.nl/zoeken/middelbare-scholen?zoektermen=Hardenberg&weergave=Lijst
137,Harderwijk,https://scholenopdekaart.nl/zoeken/middelbare-scholen?zoektermen=Harderwijk&weergave=Lijst
138,Hardinxveld-Giessendam,https://scholenopdekaart.nl/zoeken/middelbare-scholen?zoektermen=Hardinxveld-Giessendam&weergave=Lijst
139,Haren (Groningen),https://scholenopdekaart.nl/zoeken/middelbare-scholen?zoektermen=Haren%20(Groningen)&weergave=Lijst
140,Harlingen,https://scholenopdekaart.nl/zoeken/middelbare-scholen?zoektermen=Harlingen&weergave=Lijst
141,Harreveld,https://scholenopdekaart.nl/zoeken/middelbare-scholen?zoektermen=Harreveld&weergave=Lijst
142,Hazerswoude-Dorp,https://scholenopdekaart.nl/zoeken/middelbare-scholen?zoektermen=Hazerswoude-Dorp&weergave=Lijst
143,Heemskerk,https://scholenopdekaart.nl/zoeken/middelbare-scholen?zoektermen=Heemskerk&weergave=Lijst
144,Heemstede,https://scholenopdekaart.nl/zoeken/middelbare-scholen?zoektermen=Heemstede&weergave=Lijst
145,Heerde,https://scholenopdekaart.nl/zoeken/middelbare-scholen?zoektermen=Heerde&weergave=Lijst
146,Heerenveen,https://scholenopdekaart.nl/zoeken/middelbare-scholen?zoektermen=Heerenveen&weergave=Lijst
147,Heerhugowaard,https://scholenopdekaart.nl/zoeken/middelbare-scholen?zoektermen=Heerhugowaard&weergave=Lijst
148,Heerlen,https://scholenopdekaart.nl/zoeken/middelbare-scholen?zoektermen=Heerlen&weergave=Lijst
149,Heesch,https://scholenopdekaart.nl/zoeken/middelbare-scholen?zoektermen=Heesch&weergave=Lijst
150,Heeswijk-Dinther,https://scholenopdekaart.nl/zoeken/middelbare-scholen?zoektermen=Heeswijk-Dinther&weergave=Lijst
151,Heeze,https://scholenopdekaart.nl/zoeken/middelbare-scholen?zoektermen=Heeze&weergave=Lijst
152,Hegelsom,https://scholenopdekaart.nl/zoeken/middelbare-scholen?zoektermen=Hegelsom&weergave=Lijst
153,Heibloem,https://scholenopdekaart.nl/zoeken/middelbare-scholen?zoektermen=Heibloem&weergave=Lijst
154,Heiloo,https://scholenopdekaart.nl/zoeken/middelbare-scholen?zoektermen=Heiloo&weergave=Lijst
155,Hellendoorn,https://scholenopdekaart.nl/zoeken/middelbare-scholen?zoektermen=Hellendoorn&weergave=Lijst
156,Hellevoetsluis,https://scholenopdekaart.nl/zoeken/middelbare-scholen?zoektermen=Hellevoetsluis&weergave=Lijst
157,Helmond,https://scholenopdekaart.nl/zoeken/middelbare-scholen?zoektermen=Helmond&weergave=Lijst
158,Hengelo,https://scholenopdekaart.nl/zoeken/middelbare-scholen?zoektermen=Hengelo&weergave=Lijst
159,Heythuysen,https://scholenopdekaart.nl/zoeken/middelbare-scholen?zoektermen=Heythuysen&weergave=Lijst
160,Hillegom,https://scholenopdekaart.nl/zoeken/middelbare-scholen?zoektermen=Hillegom&weergave=Lijst
161,Hilversum,https://scholenopdekaart.nl/zoeken/middelbare-scholen?zoektermen=Hilversum&weergave=Lijst
162,Hoensbroek,https://scholenopdekaart.nl/zoeken/middelbare-scholen?zoektermen=Hoensbroek&weergave=Lijst
163,Hoevelaken,https://scholenopdekaart.nl/zoeken/middelbare-scholen?zoektermen=Hoevelaken&weergave=Lijst
164,Holten,https://scholenopdekaart.nl/zoeken/middelbare-scholen?zoektermen=Holten&weergave=Lijst
165,Hoofddorp,https://scholenopdekaart.nl/zoeken/middelbare-scholen?zoektermen=Hoofddorp&weergave=Lijst
166,Hoogeveen,https://scholenopdekaart.nl/zoeken/middelbare-scholen?zoektermen=Hoogeveen&weergave=Lijst
167,Hoogezand,https://scholenopdekaart.nl/zoeken/middelbare-scholen?zoektermen=Hoogezand&weergave=Lijst
168,Hoogvliet Rotterdam,https://scholenopdekaart.nl/zoeken/middelbare-scholen?zoektermen=Hoogvliet%20Rotterdam&weergave=Lijst
169,Hoorn,https://scholenopdekaart.nl/zoeken/middelbare-scholen?zoektermen=Hoorn&weergave=Lijst
170,Horn,https://scholenopdekaart.nl/zoeken/middelbare-scholen?zoektermen=Horn&weergave=Lijst
171,Horst,https://scholenopdekaart.nl/zoeken/middelbare-scholen?zoektermen=Horst&weergave=Lijst
172,Houten,https://scholenopdekaart.nl/zoeken/middelbare-scholen?zoektermen=Houten&weergave=Lijst
173,Huissen,https://scholenopdekaart.nl/zoeken/middelbare-scholen?zoektermen=Huissen&weergave=Lijst
174,Huizen,https://scholenopdekaart.nl/zoeken/middelbare-scholen?zoektermen=Huizen&weergave=Lijst
175,Hulst,https://scholenopdekaart.nl/zoeken/middelbare-scholen?zoektermen=Hulst&weergave=Lijst
176,Hurdegaryp,https://scholenopdekaart.nl/zoeken/middelbare-scholen?zoektermen=Hurdegaryp&weergave=Lijst
177,IJmuiden,https://scholenopdekaart.nl/zoeken/middelbare-scholen?zoektermen=IJmuiden&weergave=Lijst
178,IJsselmuiden,https://scholenopdekaart.nl/zoeken/middelbare-scholen?zoektermen=IJsselmuiden&weergave=Lijst
179,IJsselstein,https://scholenopdekaart.nl/zoeken/middelbare-scholen?zoektermen=IJsselstein&weergave=Lijst
180,Joure,https://scholenopdekaart.nl/zoeken/middelbare-scholen?zoektermen=Joure&weergave=Lijst
181,Julianadorp,https://scholenopdekaart.nl/zoeken/middelbare-scholen?zoektermen=Julianadorp&weergave=Lijst
182,"Julianadorp, Curaçao, Caribisch Nederland","https://scholenopdekaart.nl/zoeken/middelbare-scholen?zoektermen=Julianadorp,%20Curaçao,%20Caribisch%20Nederland&weergave=Lijst"
183,Kaatsheuvel,https://scholenopdekaart.nl/zoeken/middelbare-scholen?zoektermen=Kaatsheuvel&weergave=Lijst
184,Kampen,https://scholenopdekaart.nl/zoeken/middelbare-scholen?zoektermen=Kampen&weergave=Lijst
185,Kapelle,https://scholenopdekaart.nl/zoeken/middelbare-scholen?zoektermen=Kapelle&weergave=Lijst
186,Katwijk,https://scholenopdekaart.nl/zoeken/middelbare-scholen?zoektermen=Katwijk&weergave=Lijst
187,Kerkrade,https://scholenopdekaart.nl/zoeken/middelbare-scholen?zoektermen=Kerkrade&weergave=Lijst
188,Kesteren,https://scholenopdekaart.nl/zoeken/middelbare-scholen?zoektermen=Kesteren&weergave=Lijst
189,Klaaswaal,https://scholenopdekaart.nl/zoeken/middelbare-scholen?zoektermen=Klaaswaal&weergave=Lijst
190,Klazienaveen,https://scholenopdekaart.nl/zoeken/middelbare-scholen?zoektermen=Klazienaveen&weergave=Lijst
191,Kloetinge (Gem. Goes),https://scholenopdekaart.nl/zoeken/middelbare-scholen?zoektermen=Kloetinge%20(Gem.%20Goes)&weergave=Lijst
192,Kollum,https://scholenopdekaart.nl/zoeken/middelbare-scholen?zoektermen=Kollum&weergave=Lijst
193,Kortehemmen,https://scholenopdekaart.nl/zoeken/middelbare-scholen?zoektermen=Kortehemmen&weergave=Lijst
194,Koudum,https://scholenopdekaart.nl/zoeken/middelbare-scholen?zoektermen=Koudum&weergave=Lijst
195,Krabbendijke,https://scholenopdekaart.nl/zoeken/middelbare-scholen?zoektermen=Krabbendijke&weergave=Lijst
196,"Kralendijk, Bonaire, Caribisch Nederland","https://scholenopdekaart.nl/zoeken/middelbare-scholen?zoektermen=Kralendijk,%20Bonaire,%20Caribisch%20Nederland&weergave=Lijst"
197,Krimpen aan den IJssel,https://scholenopdekaart.nl/zoeken/middelbare-scholen?zoektermen=Krimpen%20aan%20den%20IJssel&weergave=Lijst
198,Krommenie,https://scholenopdekaart.nl/zoeken/middelbare-scholen?zoektermen=Krommenie&weergave=Lijst
199,Landgraaf,https://scholenopdekaart.nl/zoeken/middelbare-scholen?zoektermen=Landgraaf&weergave=Lijst
200,Laren,https://scholenopdekaart.nl/zoeken/middelbare-scholen?zoektermen=Laren&weergave=Lijst
201,Leek,https://scholenopdekaart.nl/zoeken/middelbare-scholen?zoektermen=Leek&weergave=Lijst
202,Leerdam,https://scholenopdekaart.nl/zoeken/middelbare-scholen?zoektermen=Leerdam&weergave=Lijst
203,Leeuwarden,https://scholenopdekaart.nl/zoeken/middelbare-scholen?zoektermen=Leeuwarden&weergave=Lijst
204,Leiden,https://scholenopdekaart.nl/zoeken/middelbare-scholen?zoektermen=Leiden&weergave=Lijst
205,Leiderdorp,https://scholenopdekaart.nl/zoeken/middelbare-scholen?zoektermen=Leiderdorp&weergave=Lijst
206,Leidschendam,https://scholenopdekaart.nl/zoeken/middelbare-scholen?zoektermen=Leidschendam&weergave=Lijst
207,Lekkerkerk,https://scholenopdekaart.nl/zoeken/middelbare-scholen?zoektermen=Lekkerkerk&weergave=Lijst
208,Lelystad,https://scholenopdekaart.nl/zoeken/middelbare-scholen?zoektermen=Lelystad&weergave=Lijst
209,Lemmer,https://scholenopdekaart.nl/zoeken/middelbare-scholen?zoektermen=Lemmer&weergave=Lijst
210,Lent,https://scholenopdekaart.nl/zoeken/middelbare-scholen?zoektermen=Lent&weergave=Lijst
211,Leusden,https://scholenopdekaart.nl/zoeken/middelbare-scholen?zoektermen=Leusden&weergave=Lijst
212,Lichtenvoorde,https://scholenopdekaart.nl/zoeken/middelbare-scholen?zoektermen=Lichtenvoorde&weergave=Lijst
213,Limbricht,https://scholenopdekaart.nl/zoeken/middelbare-scholen?zoektermen=Limbricht&weergave=Lijst
214,Lisse,https://scholenopdekaart.nl/zoeken/middelbare-scholen?zoektermen=Lisse&weergave=Lijst
215,Lochem,https://scholenopdekaart.nl/zoeken/middelbare-scholen?zoektermen=Lochem&weergave=Lijst
216,Losser,https://scholenopdekaart.nl/zoeken/middelbare-scholen?zoektermen=Losser&weergave=Lijst
217,Maarsbergen,https://scholenopdekaart.nl/zoeken/middelbare-scholen?zoektermen=Maarsbergen&weergave=Lijst
218,Maarssen,https://scholenopdekaart.nl/zoeken/middelbare-scholen?zoektermen=Maarssen&weergave=Lijst
219,Maartensdijk,https://scholenopdekaart.nl/zoeken/middelbare-scholen?zoektermen=Maartensdijk&weergave=Lijst
220,Maasland,https://scholenopdekaart.nl/zoeken/middelbare-scholen?zoektermen=Maasland&weergave=Lijst
221,Maassluis,https://scholenopdekaart.nl/zoeken/middelbare-scholen?zoektermen=Maassluis&weergave=Lijst
222,Maastricht,https://scholenopdekaart.nl/zoeken/middelbare-scholen?zoektermen=Maastricht&weergave=Lijst
223,Made,https://scholenopdekaart.nl/zoeken/middelbare-scholen?zoektermen=Made&weergave=Lijst
224,Medemblik,https://scholenopdekaart.nl/zoeken/middelbare-scholen?zoektermen=Medemblik&weergave=Lijst
225,Meerssen,https://scholenopdekaart.nl/zoeken/middelbare-scholen?zoektermen=Meerssen&weergave=Lijst
226,Meppel,https://scholenopdekaart.nl/zoeken/middelbare-scholen?zoektermen=Meppel&weergave=Lijst
227,Middelburg,https://scholenopdekaart.nl/zoeken/middelbare-scholen?zoektermen=Middelburg&weergave=Lijst
228,Middelharnis,https://scholenopdekaart.nl/zoeken/middelbare-scholen?zoektermen=Middelharnis&weergave=Lijst
229,Midsland,https://scholenopdekaart.nl/zoeken/middelbare-scholen?zoektermen=Midsland&weergave=Lijst
230,Mijdrecht,https://scholenopdekaart.nl/zoeken/middelbare-scholen?zoektermen=Mijdrecht&weergave=Lijst
231,Mill,https://scholenopdekaart.nl/zoeken/middelbare-scholen?zoektermen=Mill&weergave=Lijst
232,Molenhoek,https://scholenopdekaart.nl/zoeken/middelbare-scholen?zoektermen=Molenhoek&weergave=Lijst
233,Monnickendam,https://scholenopdekaart.nl/zoeken/middelbare-scholen?zoektermen=Monnickendam&weergave=Lijst
234,Monster,https://scholenopdekaart.nl/zoeken/middelbare-scholen?zoektermen=Monster&weergave=Lijst
235,Montfoort,https://scholenopdekaart.nl/zoeken/middelbare-scholen?zoektermen=Montfoort&weergave=Lijst
236,Naaldwijk,https://scholenopdekaart.nl/zoeken/middelbare-scholen?zoektermen=Naaldwijk&weergave=Lijst
237,Naarden,https://scholenopdekaart.nl/zoeken/middelbare-scholen?zoektermen=Naarden&weergave=Lijst
238,Nederweert,https://scholenopdekaart.nl/zoeken/middelbare-scholen?zoektermen=Nederweert&weergave=Lijst
239,Neede,https://scholenopdekaart.nl/zoeken/middelbare-scholen?zoektermen=Neede&weergave=Lijst
240,Nes (Gem. Ameland),https://scholenopdekaart.nl/zoeken/middelbare-scholen?zoektermen=Nes%20(Gem.%20Ameland)&weergave=Lijst
241,Nieuwegein,https://scholenopdekaart.nl/zoeken/middelbare-scholen?zoektermen=Nieuwegein&weergave=Lijst
242,Nieuwerkerk aan den IJssel,https://scholenopdekaart.nl/zoeken/middelbare-scholen?zoektermen=Nieuwerkerk%20aan%20den%20IJssel&weergave=Lijst
243,Nieuwkoop,https://scholenopdekaart.nl/zoeken/middelbare-scholen?zoektermen=Nieuwkoop&weergave=Lijst
244,Nieuwleusen,https://scholenopdekaart.nl/zoeken/middelbare-scholen?zoektermen=Nieuwleusen&weergave=Lijst
245,Nieuw-Vennep,https://scholenopdekaart.nl/zoeken/middelbare-scholen?zoektermen=Nieuw-Vennep&weergave=Lijst
246,Nijkerk,https://scholenopdekaart.nl/zoeken/middelbare-scholen?zoektermen=Nijkerk&weergave=Lijst
247,Nijmegen,https://scholenopdekaart.nl/zoeken/middelbare-scholen?zoektermen=Nijmegen&weergave=Lijst
248,Nijverdal,https://scholenopdekaart.nl/zoeken/middelbare-scholen?zoektermen=Nijverdal&weergave=Lijst
249,Noordwijk,https://scholenopdekaart.nl/zoeken/middelbare-scholen?zoektermen=Noordwijk&weergave=Lijst
250,Noordwijkerhout,https://scholenopdekaart.nl/zoeken/middelbare-scholen?zoektermen=Noordwijkerhout&weergave=Lijst
251,Nootdorp,https://scholenopdekaart.nl/zoeken/middelbare-scholen?zoektermen=Nootdorp&weergave=Lijst
252,Norg,https://scholenopdekaart.nl/zoeken/middelbare-scholen?zoektermen=Norg&weergave=Lijst
253,Nuenen,https://scholenopdekaart.nl/zoeken/middelbare-scholen?zoektermen=Nuenen&weergave=Lijst
254,Nunspeet,https://scholenopdekaart.nl/zoeken/middelbare-scholen?zoektermen=Nunspeet&weergave=Lijst
255,Odijk,https://scholenopdekaart.nl/zoeken/middelbare-scholen?zoektermen=Odijk&weergave=Lijst
256,Oegstgeest,https://scholenopdekaart.nl/zoeken/middelbare-scholen?zoektermen=Oegstgeest&weergave=Lijst
257,Oirschot,https://scholenopdekaart.nl/zoeken/middelbare-scholen?zoektermen=Oirschot&weergave=Lijst
258,Oisterwijk,https://scholenopdekaart.nl/zoeken/middelbare-scholen?zoektermen=Oisterwijk&weergave=Lijst
259,Oldekerk,https://scholenopdekaart.nl/zoeken/middelbare-scholen?zoektermen=Oldekerk&weergave=Lijst
260,Oldenzaal,https://scholenopdekaart.nl/zoeken/middelbare-scholen?zoektermen=Oldenzaal&weergave=Lijst
261,Ommen,https://scholenopdekaart.nl/zoeken/middelbare-scholen?zoektermen=Ommen&weergave=Lijst
262,Onstwedde,https://scholenopdekaart.nl/zoeken/middelbare-scholen?zoektermen=Onstwedde&weergave=Lijst
263,Oostburg,https://scholenopdekaart.nl/zoeken/middelbare-scholen?zoektermen=Oostburg&weergave=Lijst
264,Oosterbeek,https://scholenopdekaart.nl/zoeken/middelbare-scholen?zoektermen=Oosterbeek&weergave=Lijst
265,Oosterhesselen,https://scholenopdekaart.nl/zoeken/middelbare-scholen?zoektermen=Oosterhesselen&weergave=Lijst
266,Oosterhout,https://scholenopdekaart.nl/zoeken/middelbare-scholen?zoektermen=Oosterhout&weergave=Lijst
267,Oosterwolde (Fryslân),https://scholenopdekaart.nl/zoeken/middelbare-scholen?zoektermen=Oosterwolde%20(Fryslân)&weergave=Lijst
268,Oss,https://scholenopdekaart.nl/zoeken/middelbare-scholen?zoektermen=Oss&weergave=Lijst
269,Ossendrecht,https://scholenopdekaart.nl/zoeken/middelbare-scholen?zoektermen=Ossendrecht&weergave=Lijst
270,Ottoland,https://scholenopdekaart.nl/zoeken/middelbare-scholen?zoektermen=Ottoland&weergave=Lijst
271,Oud-Beijerland,https://scholenopdekaart.nl/zoeken/middelbare-scholen?zoektermen=Oud-Beijerland&weergave=Lijst
272,Oude Pekela,https://scholenopdekaart.nl/zoeken/middelbare-scholen?zoektermen=Oude%20Pekela&weergave=Lijst
273,Oudenbosch,https://scholenopdekaart.nl/zoeken/middelbare-scholen?zoektermen=Oudenbosch&weergave=Lijst
274,Overveen,https://scholenopdekaart.nl/zoeken/middelbare-scholen?zoektermen=Overveen&weergave=Lijst
275,Panningen,https://scholenopdekaart.nl/zoeken/middelbare-scholen?zoektermen=Panningen&weergave=Lijst
276,Papendrecht,https://scholenopdekaart.nl/zoeken/middelbare-scholen?zoektermen=Papendrecht&weergave=Lijst
277,Pijnacker,https://scholenopdekaart.nl/zoeken/middelbare-scholen?zoektermen=Pijnacker&weergave=Lijst
278,Poeldijk,https://scholenopdekaart.nl/zoeken/middelbare-scholen?zoektermen=Poeldijk&weergave=Lijst
279,Purmerend,https://scholenopdekaart.nl/zoeken/middelbare-scholen?zoektermen=Purmerend&weergave=Lijst
280,Putten,https://scholenopdekaart.nl/zoeken/middelbare-scholen?zoektermen=Putten&weergave=Lijst
281,Raalte,https://scholenopdekaart.nl/zoeken/middelbare-scholen?zoektermen=Raalte&weergave=Lijst
282,Raamsdonksveer,https://scholenopdekaart.nl/zoeken/middelbare-scholen?zoektermen=Raamsdonksveer&weergave=Lijst
283,Reuver,https://scholenopdekaart.nl/zoeken/middelbare-scholen?zoektermen=Reuver&weergave=Lijst
284,Rhenen,https://scholenopdekaart.nl/zoeken/middelbare-scholen?zoektermen=Rhenen&weergave=Lijst
285,Ridderkerk,https://scholenopdekaart.nl/zoeken/middelbare-scholen?zoektermen=Ridderkerk&weergave=Lijst
286,Rijnsburg,https://scholenopdekaart.nl/zoeken/middelbare-scholen?zoektermen=Rijnsburg&weergave=Lijst
287,Rijssen,https://scholenopdekaart.nl/zoeken/middelbare-scholen?zoektermen=Rijssen&weergave=Lijst
288,Rijswijk,https://scholenopdekaart.nl/zoeken/middelbare-scholen?zoektermen=Rijswijk&weergave=Lijst
289,Roden,https://scholenopdekaart.nl/zoeken/middelbare-scholen?zoektermen=Roden&weergave=Lijst
290,Roermond,https://scholenopdekaart.nl/zoeken/middelbare-scholen?zoektermen=Roermond&weergave=Lijst
291,Roosendaal,https://scholenopdekaart.nl/zoeken/middelbare-scholen?zoektermen=Roosendaal&weergave=Lijst
292,Rosmalen,https://scholenopdekaart.nl/zoeken/middelbare-scholen?zoektermen=Rosmalen&weergave=Lijst
293,Rotterdam,https://scholenopdekaart.nl/zoeken/middelbare-scholen?zoektermen=Rotterdam&weergave=Lijst
294,Rozenburg (Zuid-Holland),https://scholenopdekaart.nl/zoeken/middelbare-scholen?zoektermen=Rozenburg%20(Zuid-Holland)&weergave=Lijst
295,Rozendaal,https://scholenopdekaart.nl/zoeken/middelbare-scholen?zoektermen=Rozendaal&weergave=Lijst
296,Rucphen,https://scholenopdekaart.nl/zoeken/middelbare-scholen?zoektermen=Rucphen&weergave=Lijst
297,Santpoort-Noord,https://scholenopdekaart.nl/zoeken/middelbare-scholen?zoektermen=Santpoort-Noord&weergave=Lijst
298,Sassenheim,https://scholenopdekaart.nl/zoeken/middelbare-scholen?zoektermen=Sassenheim&weergave=Lijst
299,Schagen,https://scholenopdekaart.nl/zoeken/middelbare-scholen?zoektermen=Schagen&weergave=Lijst
300,Schiedam,https://scholenopdekaart.nl/zoeken/middelbare-scholen?zoektermen=Schiedam&weergave=Lijst
301,Schiermonnikoog,https://scholenopdekaart.nl/zoeken/middelbare-scholen?zoektermen=Schiermonnikoog&weergave=Lijst
302,Schijndel,https://scholenopdekaart.nl/zoeken/middelbare-scholen?zoektermen=Schijndel&weergave=Lijst
303,Schoonhoven,https://scholenopdekaart.nl/zoeken/middelbare-scholen?zoektermen=Schoonhoven&weergave=Lijst
304,'s-Gravenzande,https://scholenopdekaart.nl/zoeken/middelbare-scholen?zoektermen='s-Gravenzande&weergave=Lijst
305,Siddeburen,https://scholenopdekaart.nl/zoeken/middelbare-scholen?zoektermen=Siddeburen&weergave=Lijst
306,Silvolde,https://scholenopdekaart.nl/zoeken/middelbare-scholen?zoektermen=Silvolde&weergave=Lijst
307,Sint-Michielsgestel,https://scholenopdekaart.nl/zoeken/middelbare-scholen?zoektermen=Sint-Michielsgestel&weergave=Lijst
308,Sittard,https://scholenopdekaart.nl/zoeken/middelbare-scholen?zoektermen=Sittard&weergave=Lijst
309,Sleeuwijk,https://scholenopdekaart.nl/zoeken/middelbare-scholen?zoektermen=Sleeuwijk&weergave=Lijst
310,Sliedrecht,https://scholenopdekaart.nl/zoeken/middelbare-scholen?zoektermen=Sliedrecht&weergave=Lijst
311,Sneek,https://scholenopdekaart.nl/zoeken/middelbare-scholen?zoektermen=Sneek&weergave=Lijst
312,Soest,https://scholenopdekaart.nl/zoeken/middelbare-scholen?zoektermen=Soest&weergave=Lijst
313,Someren,https://scholenopdekaart.nl/zoeken/middelbare-scholen?zoektermen=Someren&weergave=Lijst
314,Sommelsdijk,https://scholenopdekaart.nl/zoeken/middelbare-scholen?zoektermen=Sommelsdijk&weergave=Lijst
315,Son en Breugel,https://scholenopdekaart.nl/zoeken/middelbare-scholen?zoektermen=Son%20en%20Breugel&weergave=Lijst
316,Spijkenisse,https://scholenopdekaart.nl/zoeken/middelbare-scholen?zoektermen=Spijkenisse&weergave=Lijst
317,St.-Annaparochie,https://scholenopdekaart.nl/zoeken/middelbare-scholen?zoektermen=St.-Annaparochie&weergave=Lijst
318,"St.Johns, Saba, Caribisch Nederland","https://scholenopdekaart.nl/zoeken/middelbare-scholen?zoektermen=St.Johns,%20Saba,%20Caribisch%20Nederland&weergave=Lijst"
319,Stadskanaal,https://scholenopdekaart.nl/zoeken/middelbare-scholen?zoektermen=Stadskanaal&weergave=Lijst
320,Staphorst,https://scholenopdekaart.nl/zoeken/middelbare-scholen?zoektermen=Staphorst&weergave=Lijst
321,Steenbergen,https://scholenopdekaart.nl/zoeken/middelbare-scholen?zoektermen=Steenbergen&weergave=Lijst
322,Steenwijk,https://scholenopdekaart.nl/zoeken/middelbare-scholen?zoektermen=Steenwijk&weergave=Lijst
323,Stein,https://scholenopdekaart.nl/zoeken/middelbare-scholen?zoektermen=Stein&weergave=Lijst
324,Stevensbeek,https://scholenopdekaart.nl/zoeken/middelbare-scholen?zoektermen=Stevensbeek&weergave=Lijst
325,Surhuisterveen,https://scholenopdekaart.nl/zoeken/middelbare-scholen?zoektermen=Surhuisterveen&weergave=Lijst
326,Tegelen,https://scholenopdekaart.nl/zoeken/middelbare-scholen?zoektermen=Tegelen&weergave=Lijst
327,Ter Apel,https://scholenopdekaart.nl/zoeken/middelbare-scholen?zoektermen=Ter%20Apel&weergave=Lijst
328,Terneuzen,https://scholenopdekaart.nl/zoeken/middelbare-scholen?zoektermen=Terneuzen&weergave=Lijst
329,Teteringen,https://scholenopdekaart.nl/zoeken/middelbare-scholen?zoektermen=Teteringen&weergave=Lijst
330,Tholen,https://scholenopdekaart.nl/zoeken/middelbare-scholen?zoektermen=Tholen&weergave=Lijst
331,Tiel,https://scholenopdekaart.nl/zoeken/middelbare-scholen?zoektermen=Tiel&weergave=Lijst
332,Tilburg,https://scholenopdekaart.nl/zoeken/middelbare-scholen?zoektermen=Tilburg&weergave=Lijst
333,Tubbergen,https://scholenopdekaart.nl/zoeken/middelbare-scholen?zoektermen=Tubbergen&weergave=Lijst
334,Twello,https://scholenopdekaart.nl/zoeken/middelbare-scholen?zoektermen=Twello&weergave=Lijst
335,Ubbergen,https://scholenopdekaart.nl/zoeken/middelbare-scholen?zoektermen=Ubbergen&weergave=Lijst
336,Uddel,https://scholenopdekaart.nl/zoeken/middelbare-scholen?zoektermen=Uddel&weergave=Lijst
337,Uden,https://scholenopdekaart.nl/zoeken/middelbare-scholen?zoektermen=Uden&weergave=Lijst
338,Uithoorn,https://scholenopdekaart.nl/zoeken/middelbare-scholen?zoektermen=Uithoorn&weergave=Lijst
339,Uithuizen,https://scholenopdekaart.nl/zoeken/middelbare-scholen?zoektermen=Uithuizen&weergave=Lijst
340,Urk,https://scholenopdekaart.nl/zoeken/middelbare-scholen?zoektermen=Urk&weergave=Lijst
341,Urmond,https://scholenopdekaart.nl/zoeken/middelbare-scholen?zoektermen=Urmond&weergave=Lijst
342,Utrecht,https://scholenopdekaart.nl/zoeken/middelbare-scholen?zoektermen=Utrecht&weergave=Lijst
343,Valkenburg (Limburg),https://scholenopdekaart.nl/zoeken/middelbare-scholen?zoektermen=Valkenburg%20(Limburg)&weergave=Lijst
344,Valkenswaard,https://scholenopdekaart.nl/zoeken/middelbare-scholen?zoektermen=Valkenswaard&weergave=Lijst
345,Veendam,https://scholenopdekaart.nl/zoeken/middelbare-scholen?zoektermen=Veendam&weergave=Lijst
346,Veenendaal,https://scholenopdekaart.nl/zoeken/middelbare-scholen?zoektermen=Veenendaal&weergave=Lijst
347,Veghel,https://scholenopdekaart.nl/zoeken/middelbare-scholen?zoektermen=Veghel&weergave=Lijst
348,Veldhoven,https://scholenopdekaart.nl/zoeken/middelbare-scholen?zoektermen=Veldhoven&weergave=Lijst
349,Velp (Gelderland),https://scholenopdekaart.nl/zoeken/middelbare-scholen?zoektermen=Velp%20(Gelderland)&weergave=Lijst
350,Velp (Noord-Brabant),https://scholenopdekaart.nl/zoeken/middelbare-scholen?zoektermen=Velp%20(Noord-Brabant)&weergave=Lijst
351,Velsen-Zuid,https://scholenopdekaart.nl/zoeken/middelbare-scholen?zoektermen=Velsen-Zuid&weergave=Lijst
352,Venlo,https://scholenopdekaart.nl/zoeken/middelbare-scholen?zoektermen=Venlo&weergave=Lijst
353,Venray,https://scholenopdekaart.nl/zoeken/middelbare-scholen?zoektermen=Venray&weergave=Lijst
354,Vianen (Utrecht),https://scholenopdekaart.nl/zoeken/middelbare-scholen?zoektermen=Vianen%20(Utrecht)&weergave=Lijst
355,Vinkeveen,https://scholenopdekaart.nl/zoeken/middelbare-scholen?zoektermen=Vinkeveen&weergave=Lijst
356,Vlaardingen,https://scholenopdekaart.nl/zoeken/middelbare-scholen?zoektermen=Vlaardingen&weergave=Lijst
357,Vleuten,https://scholenopdekaart.nl/zoeken/middelbare-scholen?zoektermen=Vleuten&weergave=Lijst
358,Vlieland,https://scholenopdekaart.nl/zoeken/middelbare-scholen?zoektermen=Vlieland&weergave=Lijst
359,Vlissingen,https://scholenopdekaart.nl/zoeken/middelbare-scholen?zoektermen=Vlissingen&weergave=Lijst
360,Volendam,https://scholenopdekaart.nl/zoeken/middelbare-scholen?zoektermen=Volendam&weergave=Lijst
361,Voorburg,https://scholenopdekaart.nl/zoeken/middelbare-scholen?zoektermen=Voorburg&weergave=Lijst
362,Voorhout,https://scholenopdekaart.nl/zoeken/middelbare-scholen?zoektermen=Voorhout&weergave=Lijst
363,Voorst,https://scholenopdekaart.nl/zoeken/middelbare-scholen?zoektermen=Voorst&weergave=Lijst
364,Vorden,https://scholenopdekaart.nl/zoeken/middelbare-scholen?zoektermen=Vorden&weergave=Lijst
365,Vries,https://scholenopdekaart.nl/zoeken/middelbare-scholen?zoektermen=Vries&weergave=Lijst
366,Vriezenveen,https://scholenopdekaart.nl/zoeken/middelbare-scholen?zoektermen=Vriezenveen&weergave=Lijst
367,Vroomshoop,https://scholenopdekaart.nl/zoeken/middelbare-scholen?zoektermen=Vroomshoop&weergave=Lijst
368,Vught,https://scholenopdekaart.nl/zoeken/middelbare-scholen?zoektermen=Vught&weergave=Lijst
369,Waalwijk,https://scholenopdekaart.nl/zoeken/middelbare-scholen?zoektermen=Waalwijk&weergave=Lijst
370,Waddinxveen,https://scholenopdekaart.nl/zoeken/middelbare-scholen?zoektermen=Waddinxveen&weergave=Lijst
371,Wageningen,https://scholenopdekaart.nl/zoeken/middelbare-scholen?zoektermen=Wageningen&weergave=Lijst
372,Wapenveld,https://scholenopdekaart.nl/zoeken/middelbare-scholen?zoektermen=Wapenveld&weergave=Lijst
373,Warffum,https://scholenopdekaart.nl/zoeken/middelbare-scholen?zoektermen=Warffum&weergave=Lijst
374,Warnsveld,https://scholenopdekaart.nl/zoeken/middelbare-scholen?zoektermen=Warnsveld&weergave=Lijst
375,Waskemeer,https://scholenopdekaart.nl/zoeken/middelbare-scholen?zoektermen=Waskemeer&weergave=Lijst
376,Wassenaar,https://scholenopdekaart.nl/zoeken/middelbare-scholen?zoektermen=Wassenaar&weergave=Lijst
377,Weert,https://scholenopdekaart.nl/zoeken/middelbare-scholen?zoektermen=Weert&weergave=Lijst
378,Weesp,https://scholenopdekaart.nl/zoeken/middelbare-scholen?zoektermen=Weesp&weergave=Lijst
379,Wezep,https://scholenopdekaart.nl/zoeken/middelbare-scholen?zoektermen=Wezep&weergave=Lijst
380,Wierden,https://scholenopdekaart.nl/zoeken/middelbare-scholen?zoektermen=Wierden&weergave=Lijst
381,Wieringerwerf,https://scholenopdekaart.nl/zoeken/middelbare-scholen?zoektermen=Wieringerwerf&weergave=Lijst
382,Wijchen,https://scholenopdekaart.nl/zoeken/middelbare-scholen?zoektermen=Wijchen&weergave=Lijst
383,Wijhe,https://scholenopdekaart.nl/zoeken/middelbare-scholen?zoektermen=Wijhe&weergave=Lijst
384,Wijk bij Duurstede,https://scholenopdekaart.nl/zoeken/middelbare-scholen?zoektermen=Wijk%20bij%20Duurstede&weergave=Lijst
385,Wijk en Aalburg,https://scholenopdekaart.nl/zoeken/middelbare-scholen?zoektermen=Wijk%20en%20Aalburg&weergave=Lijst
386,Wilp,https://scholenopdekaart.nl/zoeken/middelbare-scholen?zoektermen=Wilp&weergave=Lijst
387,Winschoten,https://scholenopdekaart.nl/zoeken/middelbare-scholen?zoektermen=Winschoten&weergave=Lijst
388,Winsum (Groningen),https://scholenopdekaart.nl/zoeken/middelbare-scholen?zoektermen=Winsum%20(Groningen)&weergave=Lijst
389,Winterswijk,https://scholenopdekaart.nl/zoeken/middelbare-scholen?zoektermen=Winterswijk&weergave=Lijst
390,Woerden,https://scholenopdekaart.nl/zoeken/middelbare-scholen?zoektermen=Woerden&weergave=Lijst
391,Woldendorp,https://scholenopdekaart.nl/zoeken/middelbare-scholen?zoektermen=Woldendorp&weergave=Lijst
392,Wolvega,https://scholenopdekaart.nl/zoeken/middelbare-scholen?zoektermen=Wolvega&weergave=Lijst
393,Zaandam,https://scholenopdekaart.nl/zoeken/middelbare-scholen?zoektermen=Zaandam&weergave=Lijst
394,Zaandijk,https://scholenopdekaart.nl/zoeken/middelbare-scholen?zoektermen=Zaandijk&weergave=Lijst
395,Zaltbommel,https://scholenopdekaart.nl/zoeken/middelbare-scholen?zoektermen=Zaltbommel&weergave=Lijst
396,Zandvoort,https://scholenopdekaart.nl/zoeken/middelbare-scholen?zoektermen=Zandvoort&weergave=Lijst
397,Zeewolde,https://scholenopdekaart.nl/zoeken/middelbare-scholen?zoektermen=Zeewolde&weergave=Lijst
398,Zeist,https://scholenopdekaart.nl/zoeken/middelbare-scholen?zoektermen=Zeist&weergave=Lijst
399,Zetten,https://scholenopdekaart.nl/zoeken/middelbare-scholen?zoektermen=Zetten&weergave=Lijst
400,Zevenaar,https://scholenopdekaart.nl/zoeken/middelbare-scholen?zoektermen=Zevenaar&weergave=Lijst
401,Zevenbergen,https://scholenopdekaart.nl/zoeken/middelbare-scholen?zoektermen=Zevenbergen&weergave=Lijst
402,Zierikzee,https://scholenopdekaart.nl/zoeken/middelbare-scholen?zoektermen=Zierikzee&weergave=Lijst
403,Zoetermeer,https://scholenopdekaart.nl/zoeken/middelbare-scholen?zoektermen=Zoetermeer&weergave=Lijst
404,Zuid-Scharwoude,https://scholenopdekaart.nl/zoeken/middelbare-scholen?zoektermen=Zuid-Scharwoude&weergave=Lijst
405,Zundert,https://scholenopdekaart.nl/zoeken/middelbare-scholen?zoektermen=Zundert&weergave=Lijst
406,Zutphen,https://scholenopdekaart.nl/zoeken/middelbare-scholen?zoektermen=Zutphen&weergave=Lijst
407,Zwartsluis,https://scholenopdekaart.nl/zoeken/middelbare-scholen?zoektermen=Zwartsluis&weergave=Lijst
408,Zwijndrecht,https://scholenopdekaart.nl/zoeken/middelbare-scholen?zoektermen=Zwijndrecht&weergave=Lijst
409,Zwolle,https://scholenopdekaart.nl/zoeken/middelbare-scholen?zoektermen=Zwolle&weergave=Lijst
410,Contact,https://scholenopdekaart.nl/zoeken/middelbare-scholen?zoektermen=Contact&weergave=Lijst
411,Disclaimer en gebruikersvoorwaarden,https://scholenopdekaart.nl/zoeken/middelbare-scholen?zoektermen=Disclaimer%20en%20gebruikersvoorwaarden&weergave=Lijst
412,Informatie schoolprofiel,https://scholenopdekaart.nl/zoeken/middelbare-scholen?zoektermen=Informatie%20schoolprofiel&weergave=Lijst
413,Privacyverklaring en cookiegebruik,https://scholenopdekaart.nl/zoeken/middelbare-scholen?zoektermen=Privacyverklaring%20en%20cookiegebruik&weergave=Lijst
414,VO-raad,https://scholenopdekaart.nl/zoeken/middelbare-scholen?zoektermen=VO-raad&weergave=Lijst
415,PO-Raad,https://scholenopdekaart.nl/zoeken/middelbare-scholen?zoektermen=PO-Raad&weergave=Lijst
416,Kennisnet,https://scholenopdekaart.nl/zoeken/middelbare-scholen?zoektermen=Kennisnet&weergave=Lijst
417, Facebook.com/scholenopdekaart,https://scholenopdekaart.nl/zoeken/middelbare-scholen?zoektermen=%20Facebook.com/scholenopdekaart&weergave=Lijst
